{
  "endTime": "2024-01-10T00:10:56.186Z",
  "events": [
    {
      "time": "2024-01-10T00:10:23.785Z",
      "trigger": "user",
      "type": "click",
      "x": 75,
      "y": 102
    },
    {
      "time": "2024-01-10T00:10:25.384Z",
      "trigger": "user",
      "type": "click",
      "x": 608,
      "y": 402
    },
    {
      "time": "2024-01-10T00:10:26.547Z",
      "trigger": "user",
      "type": "keyInput",
      "value": "g"
    },
    {
      "time": "2024-01-10T00:10:26.719Z",
      "trigger": "user",
      "type": "keyInput",
      "value": "e"
    },
    {
      "time": "2024-01-10T00:10:26.823Z",
      "trigger": "user",
      "type": "keyInput",
      "value": "o"
    },
    {
      "time": "2024-01-10T00:10:26.866Z",
      "trigger": "user",
      "type": "keyInput",
      "value": "r"
    },
    {
      "time": "2024-01-10T00:10:27.073Z",
      "trigger": "user",
      "type": "keyInput",
      "value": "g"
    },
    {
      "time": "2024-01-10T00:10:27.210Z",
      "trigger": "user",
      "type": "keyInput",
      "value": "e"
    },
    {
      "time": "2024-01-10T00:10:29.250Z",
      "trigger": "user",
      "type": "keyInput",
      "value": "l"
    },
    {
      "time": "2024-01-10T00:10:29.507Z",
      "trigger": "user",
      "type": "keyInput",
      "value": "u"
    },
    {
      "time": "2024-01-10T00:10:29.610Z",
      "trigger": "user",
      "type": "keyInput",
      "value": "o"
    },
    {
      "time": "2024-01-10T00:10:30.347Z",
      "trigger": "user",
      "type": "keyInput",
      "value": "."
    },
    {
      "time": "2024-01-10T00:10:30.738Z",
      "trigger": "user",
      "type": "keyInput",
      "value": "3"
    },
    {
      "time": "2024-01-10T00:10:30.840Z",
      "trigger": "user",
      "type": "keyInput",
      "value": "2"
    },
    {
      "time": "2024-01-10T00:10:31.050Z",
      "trigger": "user",
      "type": "keyInput",
      "value": "7"
    },
    {
      "time": "2024-01-10T00:10:31.818Z",
      "trigger": "user",
      "type": "keyInput",
      "value": "Shift"
    },
    {
      "time": "2024-01-10T00:10:31.978Z",
      "trigger": "user",
      "type": "keyInput",
      "value": "@"
    },
    {
      "time": "2024-01-10T00:10:32.411Z",
      "trigger": "user",
      "type": "keyInput",
      "value": "g"
    },
    {
      "time": "2024-01-10T00:10:32.511Z",
      "trigger": "user",
      "type": "keyInput",
      "value": "m"
    },
    {
      "time": "2024-01-10T00:10:33.082Z",
      "trigger": "user",
      "type": "keyInput",
      "value": "a"
    },
    {
      "time": "2024-01-10T00:10:33.175Z",
      "trigger": "user",
      "type": "keyInput",
      "value": "i"
    },
    {
      "time": "2024-01-10T00:10:33.386Z",
      "trigger": "user",
      "type": "keyInput",
      "value": "l"
    },
    {
      "time": "2024-01-10T00:10:33.867Z",
      "trigger": "user",
      "type": "keyInput",
      "value": "."
    },
    {
      "time": "2024-01-10T00:10:34.056Z",
      "trigger": "user",
      "type": "keyInput",
      "value": "c"
    },
    {
      "time": "2024-01-10T00:10:34.243Z",
      "trigger": "user",
      "type": "keyInput",
      "value": "o"
    },
    {
      "time": "2024-01-10T00:10:34.354Z",
      "trigger": "user",
      "type": "keyInput",
      "value": "m"
    },
    {
      "time": "2024-01-10T00:10:36.635Z",
      "trigger": "user",
      "type": "click",
      "x": 610,
      "y": 544
    },
    {
      "time": "2024-01-10T00:10:37.284Z",
      "trigger": "user",
      "type": "click",
      "x": 585,
      "y": 458
    },
    {
      "time": "2024-01-10T00:10:41.594Z",
      "trigger": "user",
      "type": "keyInput",
      "value": "t"
    },
    {
      "time": "2024-01-10T00:10:41.768Z",
      "trigger": "user",
      "type": "keyInput",
      "value": "e"
    },
    {
      "time": "2024-01-10T00:10:41.963Z",
      "trigger": "user",
      "type": "keyInput",
      "value": "s"
    },
    {
      "time": "2024-01-10T00:10:42.026Z",
      "trigger": "user",
      "type": "keyInput",
      "value": "t"
    },
    {
      "time": "2024-01-10T00:10:42.114Z",
      "trigger": "user",
      "type": "keyInput",
      "value": " "
    },
    {
      "time": "2024-01-10T00:10:42.354Z",
      "trigger": "user",
      "type": "keyInput",
      "value": "e"
    },
    {
      "time": "2024-01-10T00:10:42.424Z",
      "trigger": "user",
      "type": "keyInput",
      "value": "m"
    },
    {
      "time": "2024-01-10T00:10:42.543Z",
      "trigger": "user",
      "type": "keyInput",
      "value": "a"
    },
    {
      "time": "2024-01-10T00:10:42.633Z",
      "trigger": "user",
      "type": "keyInput",
      "value": "i"
    },
    {
      "time": "2024-01-10T00:10:42.807Z",
      "trigger": "user",
      "type": "keyInput",
      "value": "l"
    },
    {
      "time": "2024-01-10T00:10:43.952Z",
      "trigger": "user",
      "type": "click",
      "x": 639,
      "y": 542
    },
    {
      "time": "2024-01-10T00:10:44.626Z",
      "trigger": "user",
      "type": "keyInput",
      "value": "t"
    },
    {
      "time": "2024-01-10T00:10:44.712Z",
      "trigger": "user",
      "type": "keyInput",
      "value": "h"
    },
    {
      "time": "2024-01-10T00:10:44.783Z",
      "trigger": "user",
      "type": "keyInput",
      "value": "i"
    },
    {
      "time": "2024-01-10T00:10:44.871Z",
      "trigger": "user",
      "type": "keyInput",
      "value": "s"
    },
    {
      "time": "2024-01-10T00:10:44.960Z",
      "trigger": "user",
      "type": "keyInput",
      "value": " "
    },
    {
      "time": "2024-01-10T00:10:45.105Z",
      "trigger": "user",
      "type": "keyInput",
      "value": "i"
    },
    {
      "time": "2024-01-10T00:10:45.151Z",
      "trigger": "user",
      "type": "keyInput",
      "value": "s"
    },
    {
      "time": "2024-01-10T00:10:45.328Z",
      "trigger": "user",
      "type": "keyInput",
      "value": " "
    },
    {
      "time": "2024-01-10T00:10:45.505Z",
      "trigger": "user",
      "type": "keyInput",
      "value": "a"
    },
    {
      "time": "2024-01-10T00:10:45.602Z",
      "trigger": "user",
      "type": "keyInput",
      "value": " "
    },
    {
      "time": "2024-01-10T00:10:45.851Z",
      "trigger": "user",
      "type": "keyInput",
      "value": "t"
    },
    {
      "time": "2024-01-10T00:10:45.992Z",
      "trigger": "user",
      "type": "keyInput",
      "value": "e"
    },
    {
      "time": "2024-01-10T00:10:46.506Z",
      "trigger": "user",
      "type": "keyInput",
      "value": "s"
    },
    {
      "time": "2024-01-10T00:10:46.803Z",
      "trigger": "user",
      "type": "keyInput",
      "value": "t"
    },
    {
      "time": "2024-01-10T00:10:50.807Z",
      "trigger": "user",
      "type": "click",
      "x": 480,
      "y": 781
    }
  ],
  "label": "Starred - georgeluo.327@gmail.com - Gmail",
  "screenshots": [
    {
      "label": "startCapture",
      "screenshotId": 0,
      "time": "2024-01-10T00:10:20.253Z",
      "values": {},
      "generatedLabel": "startCapture",
      "filename": "1704845420_0.png"
    },
    {
      "label": "click",
      "screenshotId": 1,
      "time": "2024-01-10T00:10:23.837Z",
      "values": {
        "x": 75,
        "y": 102
      },
      "generatedLabel": "click at position (75, 102)",
      "filename": "1704845423_1.png"
    },
    {
      "label": "click",
      "screenshotId": 2,
      "time": "2024-01-10T00:10:25.437Z",
      "values": {
        "x": 608,
        "y": 402
      },
      "generatedLabel": "click at position (608, 402)",
      "filename": "1704845425_2.png"
    },
    {
      "label": "keyInput",
      "screenshotId": 10,
      "time": "2024-01-10T00:10:33.924Z",
      "values": {
        "data": ".",
        "endKeyInput": true,
        "fullKeyInputSequence": [
          "g",
          "e",
          "o",
          "r",
          "g",
          "e",
          "l",
          "u",
          "o",
          ".",
          "3",
          "2",
          "7",
          "Shift",
          "@",
          "g",
          "m",
          "a",
          "i",
          "l",
          ".",
          "c",
          "o",
          "m"
        ]
      },
      "generatedLabel": "input text \"georgeluo.327Shift@gmail.com\"",
      "filename": "1704845433_10.png"
    },
    {
      "label": "click",
      "screenshotId": 11,
      "time": "2024-01-10T00:10:36.687Z",
      "values": {
        "x": 610,
        "y": 544
      },
      "generatedLabel": "click at position (610, 544)",
      "filename": "1704845436_11.png"
    },
    {
      "label": "click",
      "screenshotId": 12,
      "time": "2024-01-10T00:10:37.338Z",
      "values": {
        "x": 585,
        "y": 458
      },
      "generatedLabel": "click at position (585, 458)",
      "filename": "1704845437_12.png"
    },
    {
      "label": "keyInput",
      "screenshotId": 14,
      "time": "2024-01-10T00:10:42.480Z",
      "values": {
        "data": "m",
        "endKeyInput": true,
        "fullKeyInputSequence": [
          "t",
          "e",
          "s",
          "t",
          " ",
          "e",
          "m",
          "a",
          "i",
          "l"
        ]
      },
      "generatedLabel": "input text \"test email\"",
      "filename": "1704845442_14.png"
    },
    {
      "label": "click",
      "screenshotId": 15,
      "time": "2024-01-10T00:10:44.004Z",
      "values": {
        "x": 639,
        "y": 542
      },
      "generatedLabel": "click at position (639, 542)",
      "filename": "1704845444_15.png"
    },
    {
      "label": "keyInput",
      "screenshotId": 18,
      "time": "2024-01-10T00:10:46.564Z",
      "values": {
        "data": "s",
        "endKeyInput": true,
        "fullKeyInputSequence": [
          "t",
          "h",
          "i",
          "s",
          " ",
          "i",
          "s",
          " ",
          "a",
          " ",
          "t",
          "e",
          "s",
          "t"
        ]
      },
      "generatedLabel": "input text \"this is a test\"",
      "filename": "1704845446_18.png"
    },
    {
      "label": "click",
      "screenshotId": 19,
      "time": "2024-01-10T00:10:50.860Z",
      "values": {
        "x": 480,
        "y": 781
      },
      "generatedLabel": "click at position (480, 781)",
      "filename": "1704845450_19.png"
    },
    {
      "label": "endOfCapture",
      "screenshotId": 20,
      "time": "2024-01-10T00:10:56.237Z",
      "values": {},
      "generatedLabel": "endOfCapture",
      "filename": "1704845456_20.png"
    }
  ],
  "startTime": "2024-01-10T00:10:20.203Z",
  "startUrl": "https://mail.google.com/mail/u/0/#starred",
  "tabDimensions": {
    "height": 814,
    "width": 942
  }
}